{"cameraMode":{"drawMode":0,"name":"Shaded","section":"Shading Mode"},"sceneLighting":true,"audioPlay":false,"sceneViewState":{"m_AlwaysRefresh":false,"showFog":true,"showSkybox":true,"showFlares":true,"showImageEffects":true,"showParticleSystems":true,"showVisualEffectGraphs":true,"m_FxEnabled":true},"in2DMode":false,"pivot":{"x":-3.82511043548584,"y":-0.15836477279663087,"z":-13.571657180786133},"rotation":{"x":0.11079515516757965,"y":-0.23686325550079347,"z":0.027156038209795953,"w":0.964952290058136},"size":16.43541145324707,"orthographic":false}