{"cameraMode":{"drawMode":0,"name":"Shaded","section":"Shading Mode"},"sceneLighting":true,"audioPlay":false,"sceneViewState":{"m_AlwaysRefresh":false,"showFog":true,"showSkybox":true,"showFlares":true,"showImageEffects":true,"showParticleSystems":true,"showVisualEffectGraphs":true,"m_FxEnabled":true},"in2DMode":false,"pivot":{"x":-8.900163650512696,"y":14.935450553894043,"z":16.003557205200197},"rotation":{"x":0.09493611007928848,"y":-0.21349596977233888,"z":0.021101271733641626,"w":0.9721815586090088},"size":0.441519558429718,"orthographic":false}